{
"meta":{"test_sets":[],"test_metrics":[],"learn_metrics":[{"best_value":"Min","name":"RMSE"}],"launch_mode":"Train","parameters":"","iteration_count":100,"learn_sets":["learn"],"name":"experiment"},
"iterations":[
{"learn":[14.005006],"iteration":0,"passed_time":0.0008676202944,"remaining_time":0.08589440915},
{"learn":[13.14441192],"iteration":1,"passed_time":0.00181320794,"remaining_time":0.08884718908},
{"learn":[12.34258257],"iteration":2,"passed_time":0.002636419532,"remaining_time":0.08524423154},
{"learn":[11.64527793],"iteration":3,"passed_time":0.00349466884,"remaining_time":0.08387205215},
{"learn":[11.02766183],"iteration":4,"passed_time":0.004547073481,"remaining_time":0.08639439615},
{"learn":[10.43485794],"iteration":5,"passed_time":0.005579739062,"remaining_time":0.08741591196},
{"learn":[9.890641275],"iteration":6,"passed_time":0.00647612778,"remaining_time":0.08603998336},
{"learn":[9.492161212],"iteration":7,"passed_time":0.007588117948,"remaining_time":0.0872633564},
{"learn":[9.105082953],"iteration":8,"passed_time":0.008599859645,"remaining_time":0.08695413641},
{"learn":[8.674157135],"iteration":9,"passed_time":0.009493028044,"remaining_time":0.0854372524},
{"learn":[8.341743544],"iteration":10,"passed_time":0.0103972898,"remaining_time":0.08412352658},
{"learn":[8.049372916],"iteration":11,"passed_time":0.01149639264,"remaining_time":0.08430687934},
{"learn":[7.757318612],"iteration":12,"passed_time":0.01245878365,"remaining_time":0.08337801368},
{"learn":[7.522206899],"iteration":13,"passed_time":0.01343925441,"remaining_time":0.08255541995},
{"learn":[7.297756655],"iteration":14,"passed_time":0.01456601031,"remaining_time":0.08254072511},
{"learn":[7.088359431],"iteration":15,"passed_time":0.01568452448,"remaining_time":0.08234375351},
{"learn":[6.882113791],"iteration":16,"passed_time":0.01648191901,"remaining_time":0.08047054576},
{"learn":[6.704728832],"iteration":17,"passed_time":0.01730697908,"remaining_time":0.0788429047},
{"learn":[6.563881962],"iteration":18,"passed_time":0.01813471408,"remaining_time":0.0773111495},
{"learn":[6.418790279],"iteration":19,"passed_time":0.01892947999,"remaining_time":0.07571791997},
{"learn":[6.315756953],"iteration":20,"passed_time":0.01973078451,"remaining_time":0.0742253322},
{"learn":[6.210157751],"iteration":21,"passed_time":0.02072995307,"remaining_time":0.07349710633},
{"learn":[6.115058449],"iteration":22,"passed_time":0.02155340689,"remaining_time":0.07215705787},
{"learn":[6.014819884],"iteration":23,"passed_time":0.02216522233,"remaining_time":0.07018987072},
{"learn":[5.93117229],"iteration":24,"passed_time":0.02294933697,"remaining_time":0.0688480109},
{"learn":[5.844857622],"iteration":25,"passed_time":0.0240816896,"remaining_time":0.06854019347},
{"learn":[5.771145213],"iteration":26,"passed_time":0.02489600399,"remaining_time":0.06731141819},
{"learn":[5.704018229],"iteration":27,"passed_time":0.0256666257,"remaining_time":0.06599989466},
{"learn":[5.665806474],"iteration":28,"passed_time":0.02668221967,"remaining_time":0.06532543436},
{"learn":[5.616500369],"iteration":29,"passed_time":0.0275835753,"remaining_time":0.06436167571},
{"learn":[5.558023666],"iteration":30,"passed_time":0.02837350789,"remaining_time":0.06315393691},
{"learn":[5.510080976],"iteration":31,"passed_time":0.02907176681,"remaining_time":0.06177750448},
{"learn":[5.468747792],"iteration":32,"passed_time":0.02980685814,"remaining_time":0.06051695441},
{"learn":[5.429275534],"iteration":33,"passed_time":0.03049853002,"remaining_time":0.05920302886},
{"learn":[5.402117324],"iteration":34,"passed_time":0.0312579059,"remaining_time":0.05805039667},
{"learn":[5.367635151],"iteration":35,"passed_time":0.03217703029,"remaining_time":0.0572036094},
{"learn":[5.345181232],"iteration":36,"passed_time":0.03303921309,"remaining_time":0.05625595742},
{"learn":[5.319151269],"iteration":37,"passed_time":0.0338067071,"remaining_time":0.05515831158},
{"learn":[5.296134146],"iteration":38,"passed_time":0.03466944027,"remaining_time":0.05422656043},
{"learn":[5.269629003],"iteration":39,"passed_time":0.03558010918,"remaining_time":0.05337016378},
{"learn":[5.251147059],"iteration":40,"passed_time":0.0364257052,"remaining_time":0.05241747822},
{"learn":[5.248003302],"iteration":41,"passed_time":0.03673356631,"remaining_time":0.05072730585},
{"learn":[5.232376509],"iteration":42,"passed_time":0.03750424573,"remaining_time":0.04971493038},
{"learn":[5.213524255],"iteration":43,"passed_time":0.03822891448,"remaining_time":0.04865498206},
{"learn":[5.189691584],"iteration":44,"passed_time":0.03895234034,"remaining_time":0.04760841597},
{"learn":[5.166052198],"iteration":45,"passed_time":0.03969491393,"remaining_time":0.04659837722},
{"learn":[5.140406659],"iteration":46,"passed_time":0.04058283898,"remaining_time":0.04576362693},
{"learn":[5.118929684],"iteration":47,"passed_time":0.04150199008,"remaining_time":0.04496048925},
{"learn":[5.108792602],"iteration":48,"passed_time":0.04242979365,"remaining_time":0.04416162197},
{"learn":[5.098141225],"iteration":49,"passed_time":0.04319420236,"remaining_time":0.04319420236},
{"learn":[5.085926393],"iteration":50,"passed_time":0.04396937526,"remaining_time":0.04224508604},
{"learn":[5.067816804],"iteration":51,"passed_time":0.04484475674,"remaining_time":0.04139516007},
{"learn":[5.049834901],"iteration":52,"passed_time":0.0457326939,"remaining_time":0.0405554078},
{"learn":[5.03838627],"iteration":53,"passed_time":0.04648688593,"remaining_time":0.03959993986},
{"learn":[5.033534248],"iteration":54,"passed_time":0.04768561098,"remaining_time":0.03901549989},
{"learn":[5.023726885],"iteration":55,"passed_time":0.04849397134,"remaining_time":0.03810240605},
{"learn":[5.01290392],"iteration":56,"passed_time":0.04937369455,"remaining_time":0.0372468222},
{"learn":[5.005569127],"iteration":57,"passed_time":0.05018325541,"remaining_time":0.03633959874},
{"learn":[4.989969032],"iteration":58,"passed_time":0.05094476903,"remaining_time":0.03540229712},
{"learn":[4.976762446],"iteration":59,"passed_time":0.05161367852,"remaining_time":0.03440911901},
{"learn":[4.967222715],"iteration":60,"passed_time":0.05237002146,"remaining_time":0.03348247274},
{"learn":[4.954407599],"iteration":61,"passed_time":0.05304683677,"remaining_time":0.03251257737},
{"learn":[4.942125056],"iteration":62,"passed_time":0.0537804501,"remaining_time":0.03158534371},
{"learn":[4.930230716],"iteration":63,"passed_time":0.05458022532,"remaining_time":0.03070137674},
{"learn":[4.921695642],"iteration":64,"passed_time":0.05537970949,"remaining_time":0.02981984357},
{"learn":[4.906405625],"iteration":65,"passed_time":0.05622122169,"remaining_time":0.02896244754},
{"learn":[4.894330248],"iteration":66,"passed_time":0.05709475932,"remaining_time":0.02812129937},
{"learn":[4.88211557],"iteration":67,"passed_time":0.05813637554,"remaining_time":0.02735829437},
{"learn":[4.877946398],"iteration":68,"passed_time":0.05881374549,"remaining_time":0.02642356682},
{"learn":[4.863182126],"iteration":69,"passed_time":0.05949594201,"remaining_time":0.02549826086},
{"learn":[4.84646533],"iteration":70,"passed_time":0.06013349471,"remaining_time":0.02456156826},
{"learn":[4.838014752],"iteration":71,"passed_time":0.06079845966,"remaining_time":0.02364384542},
{"learn":[4.82981137],"iteration":72,"passed_time":0.0614608822,"remaining_time":0.02273210712},
{"learn":[4.817094767],"iteration":73,"passed_time":0.0622238724,"remaining_time":0.02186244165},
{"learn":[4.808314151],"iteration":74,"passed_time":0.06297914131,"remaining_time":0.0209930471},
{"learn":[4.796235023],"iteration":75,"passed_time":0.06369100181,"remaining_time":0.02011294794},
{"learn":[4.784434534],"iteration":76,"passed_time":0.06439296838,"remaining_time":0.01923426328},
{"learn":[4.774402487],"iteration":77,"passed_time":0.0650983259,"remaining_time":0.01836106628},
{"learn":[4.76731896],"iteration":78,"passed_time":0.06582819204,"remaining_time":0.01749863333},
{"learn":[4.75934113],"iteration":79,"passed_time":0.06651681673,"remaining_time":0.01662920418},
{"learn":[4.754106378],"iteration":80,"passed_time":0.06720526757,"remaining_time":0.01576419857},
{"learn":[4.744002932],"iteration":81,"passed_time":0.06797166475,"remaining_time":0.01492060934},
{"learn":[4.731700554],"iteration":82,"passed_time":0.06865818127,"remaining_time":0.01406251905},
{"learn":[4.723284153],"iteration":83,"passed_time":0.06940399334,"remaining_time":0.01321980825},
{"learn":[4.712232782],"iteration":84,"passed_time":0.07050014552,"remaining_time":0.01244120215},
{"learn":[4.703046867],"iteration":85,"passed_time":0.07111471319,"remaining_time":0.01157681378},
{"learn":[4.698601855],"iteration":86,"passed_time":0.07171118936,"remaining_time":0.01071546508},
{"learn":[4.692429407],"iteration":87,"passed_time":0.07242802426,"remaining_time":0.009876548763},
{"learn":[4.675027364],"iteration":88,"passed_time":0.07315714731,"remaining_time":0.009041894611},
{"learn":[4.662368584],"iteration":89,"passed_time":0.07402136953,"remaining_time":0.008224596614},
{"learn":[4.646206172],"iteration":90,"passed_time":0.07476985475,"remaining_time":0.007394820799},
{"learn":[4.641245848],"iteration":91,"passed_time":0.07554182336,"remaining_time":0.006568854206},
{"learn":[4.633900435],"iteration":92,"passed_time":0.07639266914,"remaining_time":0.005749985849},
{"learn":[4.624738236],"iteration":93,"passed_time":0.07716727457,"remaining_time":0.004925570717},
{"learn":[4.612798287],"iteration":94,"passed_time":0.07797291013,"remaining_time":0.004103837375},
{"learn":[4.605222001],"iteration":95,"passed_time":0.07859397971,"remaining_time":0.003274749155},
{"learn":[4.601725912],"iteration":96,"passed_time":0.07923615557,"remaining_time":0.002450602749},
{"learn":[4.59722371],"iteration":97,"passed_time":0.07989134272,"remaining_time":0.001630435566},
{"learn":[4.580235665],"iteration":98,"passed_time":0.08049637376,"remaining_time":0.0008130946844},
{"learn":[4.57591791],"iteration":99,"passed_time":0.08108905465,"remaining_time":0}
]}